{
  "incumbent_ids": [
    1,
    2,
    4
  ],
  "rejected_config_ids": [
    3
  ],
  "incumbents_changed": 4,
  "trajectory": [
    {
      "config_ids": [
        1
      ],
      "costs": [
        [
          0.21739268335943285,
          0.07122624383610476
        ]
      ],
      "trial": 1,
      "walltime": 12.057336807250977
    },
    {
      "config_ids": [
        1,
        2
      ],
      "costs": [
        [
          0.21739268335943285,
          0.07122624383610476
        ],
        [
          0.23305120985123084,
          0.03546965159459958
        ]
      ],
      "trial": 4,
      "walltime": 33.70961785316467
    },
    {
      "config_ids": [
        1,
        2,
        3
      ],
      "costs": [
        [
          0.21739268335943285,
          0.07122624383610476
        ],
        [
          0.23305120985123084,
          0.03546965159459958
        ],
        [
          0.22795386828242248,
          0.050196755668314275
        ]
      ],
      "trial": 7,
      "walltime": 58.091442823410034
    },
    {
      "config_ids": [
        1,
        2,
        4
      ],
      "costs": [
        [
          0.21739268335943285,
          0.07122624383610476
        ],
        [
          0.23305120985123084,
          0.03546965159459958
        ],
        [
          0.22354022180503208,
          0.03841042954669871
        ]
      ],
      "trial": 10,
      "walltime": 78.2497308254242
    }
  ],
  "state": {
    "queue": [
      [
        4,
        2
      ]
    ]
  }
}