{
  "incumbent_ids": [
    1,
    2
  ],
  "rejected_config_ids": [],
  "incumbents_changed": 2,
  "trajectory": [
    {
      "config_ids": [
        1
      ],
      "costs": [
        [
          0.24431144158656193,
          0.02025568261694133
        ]
      ],
      "trial": 1,
      "walltime": 1.8627879619598389
    },
    {
      "config_ids": [
        1,
        2
      ],
      "costs": [
        [
          0.24431144158656193,
          0.02025568261694133
        ],
        [
          0.27059250140366153,
          0.0
        ]
      ],
      "trial": 4,
      "walltime": 13.688660144805908
    }
  ],
  "state": {
    "queue": [
      [
        2,
        2
      ]
    ]
  }
}