{
  "stats": {
    "submitted": 4,
    "finished": 4,
    "running": 0
  },
  "data": [
    {
      "config_id": 1,
      "instance": null,
      "seed": 209652396,
      "budget": null,
      "cost": [
        0.24431144158656193,
        0.02025568261694133
      ],
      "time": 1.858825922012329,
      "cpu_time": 8.453975000000002,
      "status": 1,
      "starttime": 1768061082.1352398,
      "endtime": 1768061083.9962208,
      "additional_info": {}
    },
    {
      "config_id": 1,
      "instance": null,
      "seed": 398764591,
      "budget": null,
      "cost": [
        0.24431144158656193,
        0.02025568261694133
      ],
      "time": 1.6355559825897217,
      "cpu_time": 8.265951999999999,
      "status": 1,
      "starttime": 1768061083.9979892,
      "endtime": 1768061085.6344361,
      "additional_info": {}
    },
    {
      "config_id": 2,
      "instance": null,
      "seed": 209652396,
      "budget": null,
      "cost": [
        0.27059250140366153,
        0.0
      ],
      "time": 5.080801010131836,
      "cpu_time": 33.169618,
      "status": 1,
      "starttime": 1768061085.63605,
      "endtime": 1768061090.7176902,
      "additional_info": {}
    },
    {
      "config_id": 2,
      "instance": null,
      "seed": 398764591,
      "budget": null,
      "cost": [
        0.27059250140366153,
        0.0
      ],
      "time": 5.10172700881958,
      "cpu_time": 33.427819,
      "status": 1,
      "starttime": 1768061090.719326,
      "endtime": 1768061095.8219059,
      "additional_info": {}
    }
  ],
  "configs": {
    "1": {
      "criterion": "gini",
      "max_depth": 14,
      "max_features": "sqrt",
      "min_samples_leaf": 3,
      "min_samples_split": 18,
      "n_estimators": 104
    },
    "2": {
      "criterion": "entropy",
      "max_depth": 5,
      "max_features": null,
      "min_samples_leaf": 8,
      "min_samples_split": 9,
      "n_estimators": 178
    }
  },
  "config_origins": {
    "1": "Initial Design: Sobol",
    "2": "Initial Design: Sobol"
  }
}