{
  "incumbent_ids": [
    2,
    3,
    4
  ],
  "rejected_config_ids": [
    1
  ],
  "incumbents_changed": 4,
  "trajectory": [
    {
      "config_ids": [
        1
      ],
      "costs": [
        [
          0.24431144158656193,
          0.02025568261694133
        ]
      ],
      "trial": 1,
      "walltime": 1.600064992904663
    },
    {
      "config_ids": [
        1,
        2
      ],
      "costs": [
        [
          0.24431144158656193,
          0.02025568261694133
        ],
        [
          0.27059250140366153,
          0.0
        ]
      ],
      "trial": 4,
      "walltime": 13.291189908981323
    },
    {
      "config_ids": [
        2,
        3
      ],
      "costs": [
        [
          0.27059250140366153,
          0.0
        ],
        [
          0.2343925813250356,
          0.007894255197059996
        ]
      ],
      "trial": 7,
      "walltime": 32.60042476654053
    },
    {
      "config_ids": [
        2,
        3,
        4
      ],
      "costs": [
        [
          0.27059250140366153,
          0.0
        ],
        [
          0.2343925813250356,
          0.007894255197059996
        ],
        [
          0.24362378404171592,
          0.0028967697753797816
        ]
      ],
      "trial": 10,
      "walltime": 41.12273669242859
    }
  ],
  "state": {
    "queue": [
      [
        4,
        2
      ]
    ]
  }
}