{
  "incumbent_ids": [
    1
  ],
  "rejected_config_ids": [],
  "incumbents_changed": 1,
  "trajectory": [
    {
      "config_ids": [
        1
      ],
      "costs": [
        [
          0.21739268335943285,
          0.07122624383610476
        ]
      ],
      "trial": 1,
      "walltime": 14.292949914932251
    }
  ],
  "state": {
    "queue": [
      [
        1,
        1
      ]
    ]
  }
}