{
  "incumbent_ids": [
    1
  ],
  "rejected_config_ids": [],
  "incumbents_changed": 1,
  "trajectory": [
    {
      "config_ids": [
        1
      ],
      "costs": [
        [
          0.24431144158656193,
          0.02025568261694133
        ]
      ],
      "trial": 1,
      "walltime": 1.8505029678344727
    }
  ],
  "state": {
    "queue": []
  }
}