{
  "stats": {
    "submitted": 2,
    "finished": 2,
    "running": 0
  },
  "data": [
    {
      "config_id": 1,
      "instance": null,
      "seed": 209652396,
      "budget": null,
      "cost": [
        0.24431144158656193,
        0.02025568261694133
      ],
      "time": 1.8485229015350342,
      "cpu_time": 8.468193,
      "status": 1,
      "starttime": 1768060678.5404658,
      "endtime": 1768060680.389875,
      "additional_info": {}
    },
    {
      "config_id": 1,
      "instance": null,
      "seed": 398764591,
      "budget": null,
      "cost": [
        0.24431144158656193,
        0.02025568261694133
      ],
      "time": 1.6916649341583252,
      "cpu_time": 8.36305,
      "status": 1,
      "starttime": 1768060680.3917599,
      "endtime": 1768060682.08423,
      "additional_info": {}
    }
  ],
  "configs": {
    "1": {
      "criterion": "gini",
      "max_depth": 14,
      "max_features": "sqrt",
      "min_samples_leaf": 3,
      "min_samples_split": 18,
      "n_estimators": 104
    }
  },
  "config_origins": {
    "1": "Initial Design: Sobol"
  }
}